N,ordering,time_seconds
50,ijk,0.000141144
50,ikj,0.000064373
50,jik,0.000144005
50,jki,0.000139236
50,kij,0.000074625
50,kji,0.000159264
100,ijk,0.001202583
100,ikj,0.000431776
100,jik,0.001106024
100,jki,0.001021147
100,kij,0.000487804
100,kji,0.001125336
150,ijk,0.004237413
150,ikj,0.001465321
150,jik,0.004113197
150,jki,0.004354000
150,kij,0.001845121
150,kji,0.004154921
